method,seed,success,collision,timeout,t_ave,l_ave
B4,42,87.50,12.50,0.00,48.81,185.66
B4,43,92.50,7.50,0.00,49.58,185.30
B4,44,89.50,10.50,0.00,49.92,182.95
B4,45,87.50,12.50,0.00,48.50,186.59
B4,46,89.00,11.00,0.00,48.66,183.48
H,42,88.50,11.50,0.00,49.11,184.97
H,43,89.00,11.00,0.00,49.20,181.69
H,44,85.50,14.50,0.00,49.13,183.67
H,45,86.50,13.50,0.00,48.53,184.80
H,46,88.00,12.00,0.00,49.32,186.37
M,42,90.00,10.00,0.00,48.87,184.32
M,43,89.00,11.00,0.00,48.49,182.62
M,44,90.50,9.50,0.00,48.57,183.05
M,45,90.00,10.00,0.00,49.12,187.64
M,46,88.00,12.00,0.00,52.06,184.80
